streamer,stream_url,stream_started,stream_finished,stream_duration,stream_hours_watched,stream_avg_viewers,stream_max_viewers,stream_followers,stream_total_followers,stream_uniq_views,stream_total_uniq_views,stream_games
areu0502,https://twitchtracker.com/areu0502/streams/33576077968,2019-04-07 05:50:00,2019-04-07 05:55:00,5,0,4,4,0,0,0,0,
arenvina,https://twitchtracker.com/arenvina/streams/33530178224,2019-04-04 11:40:30,2019-04-04 12:25:00,44,3,5,5,1.4,1,8.2,6,
arescc,https://twitchtracker.com/arescc/streams/30521379520,2018-09-26 10:06:57,2018-09-26 12:45:00,158,13,5,5,0,0,3.4,9,"[{'game_title': ""Tom Clancy's Rainbow Six: Siege"", 'game_date': '2018-09-26 12:10:00', 'game_avg_viewers': '5'}, {'game_title': 'IRL', 'game_date': '2018-09-26 12:40:00', 'game_avg_viewers': '5'}]"
aretehs,https://twitchtracker.com/aretehs/streams/29083045072,2018-06-14 02:52:46,2018-06-14 10:55:00,482,40,5,6,0.1,1,0.1,1,
aretehs,https://twitchtracker.com/aretehs/streams/29121503776,2018-06-17 04:15:41,2018-06-17 13:45:00,569,47,5,5,0,0,1.1,10,
arescc,https://twitchtracker.com/arescc/streams/32212096640,2019-01-16 17:25:36,2019-01-16 22:45:00,319,26,5,5,0,0,0.9,5,
arescc,https://twitchtracker.com/arescc/streams/31438501056,2018-11-28 06:26:26,2018-11-28 10:45:00,258,21,5,5,0,0,0,0,"[{'game_title': 'League of Legends', 'game_date': '2018-11-28 10:10:00', 'game_avg_viewers': '5'}, {'game_title': 'Lost Ark Online', 'game_date': '2018-11-28 10:40:00', 'game_avg_viewers': '5'}]"
areudrunken,https://twitchtracker.com/areudrunken/streams/30814020416,2018-10-17 08:27:33,2018-10-17 09:45:00,77,6,5,5,0.8,1,0,0,
arethebest661,https://twitchtracker.com/arethebest661/streams/32894362800,2019-02-24 02:03:07,2019-02-24 05:05:00,181,15,5,5,0,0,0,0,
areudrunken,https://twitchtracker.com/areudrunken/streams/31159992096,2018-11-09 01:46:38,2018-11-09 03:05:00,78,6,5,5,0,0,13.1,17,
arethebest661,https://twitchtracker.com/arethebest661/streams/26613037728,2017-10-30 22:20:07,2017-10-31 05:05:00,404,60,9,17,0.1,1,12,81,
arethebest661,https://twitchtracker.com/arethebest661/streams/27515633664,2018-02-06 06:09:36,2018-02-06 07:45:00,95,7,5,5,0,0,0,0,
arethebest661,https://twitchtracker.com/arethebest661/streams/30398703952,2018-09-17 07:23:04,2018-09-17 11:15:00,231,23,6,8,0,0,3.1,12,
arethebest661,https://twitchtracker.com/arethebest661/streams/27473013152,2018-02-02 12:30:28,2018-02-02 15:25:00,174,23,8,11,0,0,5.9,17,
arethebest661,https://twitchtracker.com/arethebest661/streams/27440663936,2018-01-30 05:57:29,2018-01-30 11:35:00,337,33,6,7,0,0,4.1,23,
areugat,https://twitchtracker.com/areugat/streams/33779319104,2019-04-20 12:38:39,2019-04-20 15:25:00,166,13,5,7,0,0,1.1,3,
areugat,https://twitchtracker.com/areugat/streams/33762357120,2019-04-19 12:24:52,2019-04-19 15:15:00,170,14,5,6,0,0,5.6,16,
areugat,https://twitchtracker.com/areugat/streams/33764396928,2019-04-19 15:24:58,2019-04-19 16:45:00,80,6,5,6,0,0,1.5,2,
arethebest661,https://twitchtracker.com/arethebest661/streams/26909637040,2017-12-06 08:47:48,2017-12-06 10:55:00,127,12,6,6,0,0,0,0,
areugat,https://twitchtracker.com/areugat/streams/33716310944,2019-04-16 11:27:55,2019-04-16 15:15:00,227,22,6,7,0,0,3.2,12,"[{'game_title': 'Dark Souls III', 'game_date': '2019-04-16 15:10:00', 'game_avg_viewers': '6'}, {'game_title': 'League of Legends', 'game_date': '2019-04-16 12:50:00', 'game_avg_viewers': '5'}]"
arethebest661,https://twitchtracker.com/arethebest661/streams/26872774288,2017-12-02 03:23:27,2017-12-02 03:35:00,11,0,4,4,0,0,0,0,
areugat,https://twitchtracker.com/areugat/streams/33701212800,2019-04-15 10:44:44,2019-04-15 11:45:00,60,5,5,5,0,0,2,2,
arethebest661,https://twitchtracker.com/arethebest661/streams/26871822240,2017-12-02 01:19:36,2017-12-02 02:15:00,55,4,5,5,0,0,6.5,6,
arethebest661,https://twitchtracker.com/arethebest661/streams/26619105856,2017-10-31 19:09:00,2017-10-31 20:45:00,96,8,5,5,0,0,6.3,10,
arethebest661,https://twitchtracker.com/arethebest661/streams/26832498912,2017-11-27 02:41:21,2017-11-27 04:55:00,133,11,5,5,0,0,1.8,4,
ares_rune,https://twitchtracker.com/ares_rune/streams/24174104512,2017-01-08 01:27:22,2017-01-08 07:45:00,377,402,64,82,2.5,16,56.2,353,
ares_rune,https://twitchtracker.com/ares_rune/streams/24164155504,2017-01-07 08:17:08,2017-01-07 10:55:00,157,81,31,36,0,0,43.6,114,
ares_rune,https://twitchtracker.com/ares_rune/streams/24152731776,2017-01-06 10:18:40,2017-01-06 13:45:00,206,127,37,46,1.2,4,61.7,212,
ares_rune,https://twitchtracker.com/ares_rune/streams/24132405536,2017-01-04 09:50:24,2017-01-04 13:55:00,244,97,24,25,-0.2,-1,35.4,144,"[{'game_title': 'Subsistence', 'game_date': '2017-01-04 11:10:00', 'game_avg_viewers': '24'}, {'game_title': ""Tom Clancy's Rainbow Six: Siege"", 'game_date': '2017-01-04 13:50:00', 'game_avg_viewers': '25'}]"
ares_rune,https://twitchtracker.com/ares_rune/streams/24122633856,2017-01-03 09:47:18,2017-01-03 11:45:00,117,46,24,24,0.5,1,72.3,141,
ares_rune,https://twitchtracker.com/ares_rune/streams/23683943568,2016-11-17 12:57:46,2016-11-17 14:15:00,77,34,27,28,0,0,0,0,
ares_rune,https://twitchtracker.com/ares_rune/streams/24058883536,2016-12-28 10:12:16,2016-12-28 14:45:00,272,167,37,49,1.5,7,37.3,169,
ares_rune,https://twitchtracker.com/ares_rune/streams/24099197072,2017-01-01 03:12:37,2017-01-01 07:15:00,242,108,27,28,0.2,1,32.5,131,
ares_rune,https://twitchtracker.com/ares_rune/streams/24027259584,2016-12-25 04:52:33,2016-12-25 09:55:00,302,135,27,30,0.2,1,40.7,205,"[{'game_title': 'Blade and Soul', 'game_date': '2016-12-25 06:50:00', 'game_avg_viewers': '26'}, {'game_title': 'Overwatch', 'game_date': '2016-12-25 09:50:00', 'game_avg_viewers': '26'}]"
ares_rune,https://twitchtracker.com/ares_rune/streams/24091972960,2016-12-31 08:13:57,2016-12-31 14:15:00,361,150,25,27,0.7,4,24.9,150,
ares_rune,https://twitchtracker.com/ares_rune/streams/24081291840,2016-12-30 10:04:59,2016-12-30 11:55:00,110,53,29,35,-0.5,-1,50.7,93,"[{'game_title': ""Tom Clancy's Rainbow Six: Siege"", 'game_date': '2016-12-30 11:20:00', 'game_avg_viewers': '29'}, {'game_title': 'Heroes of the Storm', 'game_date': '2016-12-30 11:50:00', 'game_avg_viewers': '26'}]"
ares_rune,https://twitchtracker.com/ares_rune/streams/24034874080,2016-12-26 02:43:11,2016-12-26 12:35:00,591,394,40,59,1.8,18,56.6,558,"[{'game_title': 'Talk Shows & Podcasts', 'game_date': '2016-12-26 04:50:00', 'game_avg_viewers': '25'}, {'game_title': ""Tom Clancy's Rainbow Six: Siege"", 'game_date': '2016-12-26 11:00:00', 'game_avg_viewers': '43'}, {'game_title': 'Overwatch', 'game_date': '2016-12-26 12:30:00', 'game_avg_viewers': '28'}]"
ares_rune,https://twitchtracker.com/ares_rune/streams/24754992784,2017-03-11 11:48:54,2017-03-11 17:25:00,336,235,42,55,0,0,0,0,
ares_rune,https://twitchtracker.com/ares_rune/streams/32877019840,2019-02-23 04:32:20,2019-02-23 08:05:00,212,24,7,9,0,0,6.2,22,
ares_rune,https://twitchtracker.com/ares_rune/streams/32059743440,2019-01-07 10:39:42,2019-01-07 14:35:00,235,39,10,14,-0.3,-1,8.4,33,
ares_rune,https://twitchtracker.com/ares_rune/streams/26933761264,2017-12-09 04:13:45,2017-12-09 08:35:00,261,47,11,16,-0.2,-1,20.9,91,
ares_rune,https://twitchtracker.com/ares_rune/streams/31453647744,2018-11-29 12:54:29,2018-11-29 15:05:00,130,21,10,12,-0.5,-1,14.8,32,
ares_rune,https://twitchtracker.com/ares_rune/streams/32075118704,2019-01-08 10:26:02,2019-01-08 15:05:00,278,50,11,14,0.4,2,11.4,53,
ares_rune,https://twitchtracker.com/ares_rune/streams/26962877616,2017-12-12 11:07:35,2017-12-12 13:15:00,127,12,6,7,0,0,10.9,23,
ares_rune,https://twitchtracker.com/ares_rune/streams/26944112864,2017-12-10 04:43:51,2017-12-10 06:55:00,131,30,14,17,0,0,16.9,37,
ares_rune,https://twitchtracker.com/ares_rune/streams/26935549024,2017-12-09 10:11:13,2017-12-09 12:55:00,163,29,11,14,-0.4,-1,11,30,
ares_rune,https://twitchtracker.com/ares_rune/streams/31498227552,2018-12-02 08:39:49,2018-12-02 11:05:00,145,16,7,10,-0.8,-2,19,46,
ares_rune,https://twitchtracker.com/ares_rune/streams/26918104784,2017-12-07 10:44:39,2017-12-07 13:35:00,170,17,6,8,0,0,9.2,26,
ares_rune,https://twitchtracker.com/ares_rune/streams/26893523888,2017-12-04 09:54:46,2017-12-04 13:45:00,230,30,8,12,0,0,10.7,41,
ares_rune,https://twitchtracker.com/ares_rune/streams/26857888208,2017-11-30 10:18:53,2017-11-30 10:35:00,16,1,4,4,0,0,0,0,
ares_rune,https://twitchtracker.com/ares_rune/streams/26842198256,2017-11-28 11:11:50,2017-11-28 13:15:00,123,14,7,10,0,0,13.7,28,
ares_rune,https://twitchtracker.com/ares_rune/streams/26834278416,2017-11-27 10:26:34,2017-11-27 13:25:00,178,20,7,9,0,0,10.1,30,
ares_rune,https://twitchtracker.com/ares_rune/streams/26815262000,2017-11-25 05:31:08,2017-11-25 08:15:00,163,21,8,10,0,0,11.4,31,
ares_rune,https://twitchtracker.com/ares_rune/streams/26800742640,2017-11-23 10:27:33,2017-11-23 12:05:00,97,16,10,10,0,0,5.6,9,
ares_rune,https://twitchtracker.com/ares_rune/streams/26909847664,2017-12-06 09:54:04,2017-12-06 14:35:00,280,60,13,22,0,0,19.3,90,"[{'game_title': ""PLAYERUNKNOWN'S BATTLEGROUNDS"", 'game_date': '2017-12-06 11:30:00', 'game_avg_viewers': '8'}, {'game_title': 'Domina', 'game_date': '2017-12-06 14:30:00', 'game_avg_viewers': '16'}]"
ares_rune,https://twitchtracker.com/ares_rune/streams/26735693568,2017-11-15 10:07:22,2017-11-15 14:25:00,257,29,7,10,-0.2,-1,11.7,50,"[{'game_title': ""PLAYERUNKNOWN'S BATTLEGROUNDS"", 'game_date': '2017-11-15 14:20:00', 'game_avg_viewers': '7'}, {'game_title': ""Assassin's Creed Origins"", 'game_date': '2017-11-15 13:30:00', 'game_avg_viewers': '6'}]"
ares_rune,https://twitchtracker.com/ares_rune/streams/26694781632,2017-11-10 10:04:25,2017-11-10 13:25:00,200,23,7,11,0,0,9,30,"[{'game_title': ""PLAYERUNKNOWN'S BATTLEGROUNDS"", 'game_date': '2017-11-10 12:20:00', 'game_avg_viewers': '6'}, {'game_title': ""Tom Clancy's Rainbow Six: Siege"", 'game_date': '2017-11-10 13:20:00', 'game_avg_viewers': '8'}]"
ares_rune,https://twitchtracker.com/ares_rune/streams/26743239552,2017-11-16 10:04:05,2017-11-16 12:25:00,140,16,7,9,0,0,9,21,
ares_rune,https://twitchtracker.com/ares_rune/streams/26728394352,2017-11-14 10:46:15,2017-11-14 13:55:00,188,15,5,7,-1,-3,7.7,24,
ares_rune,https://twitchtracker.com/ares_rune/streams/26720887344,2017-11-13 10:00:24,2017-11-13 13:45:00,224,26,7,9,-0.3,-1,5.9,22,
ares_rune,https://twitchtracker.com/ares_rune/streams/26776757440,2017-11-20 10:29:29,2017-11-20 12:15:00,105,12,7,9,0,0,13.7,24,
ares_rune,https://twitchtracker.com/ares_rune/streams/26680033792,2017-11-08 10:18:04,2017-11-08 13:55:00,216,25,7,11,0,0,11.4,41,"[{'game_title': ""Assassin's Creed Origins"", 'game_date': '2017-11-08 11:50:00', 'game_avg_viewers': '5'}, {'game_title': ""Tom Clancy's Rainbow Six: Siege"", 'game_date': '2017-11-08 13:50:00', 'game_avg_viewers': '8'}]"
ares_rune,https://twitchtracker.com/ares_rune/streams/26672623008,2017-11-07 10:13:26,2017-11-07 14:05:00,231,26,7,10,-1,-4,12.2,47,"[{'game_title': ""PLAYERUNKNOWN'S BATTLEGROUNDS"", 'game_date': '2017-11-07 12:20:00', 'game_avg_viewers': '6'}, {'game_title': ""Assassin's Creed Origins"", 'game_date': '2017-11-07 14:00:00', 'game_avg_viewers': '7'}]"
ares_rune,https://twitchtracker.com/ares_rune/streams/26665161552,2017-11-06 10:04:40,2017-11-06 15:55:00,350,64,11,14,0,0,18.9,110,"[{'game_title': ""Assassin's Creed Origins"", 'game_date': '2017-11-06 12:20:00', 'game_avg_viewers': '7'}, {'game_title': 'Northgard', 'game_date': '2017-11-06 15:50:00', 'game_avg_viewers': '12'}]"
ares_rune,https://twitchtracker.com/ares_rune/streams/26616162640,2017-10-31 09:30:52,2017-10-31 12:35:00,184,27,9,13,0.3,1,16,49,
ares_rune,https://twitchtracker.com/ares_rune/streams/26608800176,2017-10-30 09:58:34,2017-10-30 12:35:00,156,18,7,11,0,0,18.8,49,
ares_rune,https://twitchtracker.com/ares_rune/streams/26568234240,2017-10-25 10:05:25,2017-10-25 12:05:00,119,15,8,15,0.5,1,16.6,33,
ares_rune,https://twitchtracker.com/ares_rune/streams/26631010192,2017-11-02 10:11:01,2017-11-02 12:05:00,113,13,7,9,0.5,1,11.7,22,
ares_rune,https://twitchtracker.com/ares_rune/streams/26560193024,2017-10-24 11:33:33,2017-10-24 12:55:00,81,12,9,12,0.7,1,17,23,
ares_rune,https://twitchtracker.com/ares_rune/streams/26512280320,2017-10-18 10:21:34,2017-10-18 12:45:00,143,26,11,13,-0.4,-1,10.1,24,
ares_rune,https://twitchtracker.com/ares_rune/streams/26504990992,2017-10-17 09:45:03,2017-10-17 12:55:00,189,18,6,8,0,0,4.1,13,"[{'game_title': ""PLAYERUNKNOWN'S BATTLEGROUNDS"", 'game_date': '2017-10-17 11:20:00', 'game_avg_viewers': '6'}, {'game_title': 'Middle-earth: Shadow of War', 'game_date': '2017-10-17 12:50:00', 'game_avg_viewers': '6'}]"
ares_rune,https://twitchtracker.com/ares_rune/streams/26473280432,2017-10-13 10:03:06,2017-10-13 12:55:00,171,25,9,12,0.4,1,9.5,27,
ares_rune,https://twitchtracker.com/ares_rune/streams/26451739728,2017-10-10 10:06:47,2017-10-10 14:15:00,248,24,6,8,0.2,1,10.4,43,"[{'game_title': 'Middle-earth: Shadow of War', 'game_date': '2017-10-10 12:50:00', 'game_avg_viewers': '5'}, {'game_title': 'Prominence Poker', 'game_date': '2017-10-10 14:10:00', 'game_avg_viewers': '6'}]"
ares_rune,https://twitchtracker.com/ares_rune/streams/26404089696,2017-10-04 07:01:35,2017-10-04 07:55:00,53,7,8,10,1.1,1,9.1,8,"[{'game_title': 'Black Survival', 'game_date': '2017-10-04 07:40:00', 'game_avg_viewers': '8'}, {'game_title': ""PLAYERUNKNOWN'S BATTLEGROUNDS"", 'game_date': '2017-10-04 07:50:00', 'game_avg_viewers': '7'}]"
ares_rune,https://twitchtracker.com/ares_rune/streams/26395961280,2017-10-03 03:12:15,2017-10-03 05:25:00,132,17,8,13,1.4,3,5,11,"[{'game_title': ""PLAYERUNKNOWN'S BATTLEGROUNDS"", 'game_date': '2017-10-03 04:40:00', 'game_avg_viewers': '7'}, {'game_title': 'FIFA 18', 'game_date': '2017-10-03 05:20:00', 'game_avg_viewers': '9'}]"
ares_rune,https://twitchtracker.com/ares_rune/streams/26458931616,2017-10-11 09:57:58,2017-10-11 12:15:00,137,13,6,9,0,0,13.1,30,
ares_rune,https://twitchtracker.com/ares_rune/streams/26371818240,2017-09-30 05:08:03,2017-09-30 07:35:00,146,14,6,7,0,0,5.3,13,"[{'game_title': ""PLAYERUNKNOWN'S BATTLEGROUNDS"", 'game_date': '2017-09-30 07:00:00', 'game_avg_viewers': '6'}, {'game_title': 'FIFA 18', 'game_date': '2017-09-30 07:30:00', 'game_avg_viewers': '5'}]"
ares_rune,https://twitchtracker.com/ares_rune/streams/26465568272,2017-10-12 06:37:33,2017-10-12 11:55:00,317,36,7,9,-0.2,-1,6.2,33,
ares_rune,https://twitchtracker.com/ares_rune/streams/26381182400,2017-10-01 06:50:29,2017-10-01 11:15:00,264,57,13,23,3,13,20.9,92,"[{'game_title': 'Black Survival', 'game_date': '2017-10-01 09:20:00', 'game_avg_viewers': '14'}, {'game_title': ""Tom Clancy's Rainbow Six: Siege"", 'game_date': '2017-10-01 11:10:00', 'game_avg_viewers': '10'}]"
ares_rune,https://twitchtracker.com/ares_rune/streams/26364778272,2017-09-29 10:27:21,2017-09-29 12:45:00,137,20,9,11,1.8,4,11.4,26,"[{'game_title': 'FIFA 18', 'game_date': '2017-09-29 12:00:00', 'game_avg_viewers': '9'}, {'game_title': ""PLAYERUNKNOWN'S BATTLEGROUNDS"", 'game_date': '2017-09-29 12:40:00', 'game_avg_viewers': '8'}]"
ares_rune,https://twitchtracker.com/ares_rune/streams/26327607888,2017-09-24 04:03:11,2017-09-24 06:55:00,171,39,14,22,2.5,7,15.4,44,
ares_rune,https://twitchtracker.com/ares_rune/streams/26350451200,2017-09-27 09:57:24,2017-09-27 12:05:00,127,19,9,12,0.9,2,9.4,20,
ares_rune,https://twitchtracker.com/ares_rune/streams/26343466416,2017-09-26 10:20:21,2017-09-26 11:55:00,94,10,7,9,0,0,6.4,10,
ares_rune,https://twitchtracker.com/ares_rune/streams/26336575728,2017-09-25 10:12:06,2017-09-25 12:15:00,122,22,11,13,0,0,17.7,36,
ares_rune,https://twitchtracker.com/ares_rune/streams/26319152400,2017-09-23 03:57:40,2017-09-23 08:35:00,277,83,18,29,3.9,18,13.4,62,"[{'game_title': ""PLAYERUNKNOWN'S BATTLEGROUNDS"", 'game_date': '2017-09-23 06:50:00', 'game_avg_viewers': '16'}, {'game_title': ""Tom Clancy's Rainbow Six: Siege"", 'game_date': '2017-09-23 08:20:00', 'game_avg_viewers': '20'}, {'game_title': 'NBA 2K18', 'game_date': '2017-09-23 08:30:00', 'game_avg_viewers': '29'}]"
ares_rune,https://twitchtracker.com/ares_rune/streams/26312724912,2017-09-22 10:12:30,2017-09-22 12:55:00,162,27,10,13,1.1,3,13.3,36,"[{'game_title': 'NBA 2K18', 'game_date': '2017-09-22 12:10:00', 'game_avg_viewers': '9'}, {'game_title': ""PLAYERUNKNOWN'S BATTLEGROUNDS"", 'game_date': '2017-09-22 12:50:00', 'game_avg_viewers': '9'}]"
ares_rune,https://twitchtracker.com/ares_rune/streams/26320519632,2017-09-23 09:45:46,2017-09-23 12:15:00,149,17,7,10,0,0,11.7,29,"[{'game_title': 'NBA 2K18', 'game_date': '2017-09-23 11:50:00', 'game_avg_viewers': '6'}, {'game_title': ""PLAYERUNKNOWN'S BATTLEGROUNDS"", 'game_date': '2017-09-23 12:10:00', 'game_avg_viewers': '8'}]"
ares_rune,https://twitchtracker.com/ares_rune/streams/26285115648,2017-09-18 10:28:20,2017-09-18 12:25:00,116,21,11,15,1,2,19.7,38,
ares_rune,https://twitchtracker.com/ares_rune/streams/26276068624,2017-09-17 04:30:03,2017-09-17 12:45:00,494,189,23,37,2.4,20,33.4,275,"[{'game_title': ""PLAYERUNKNOWN'S BATTLEGROUNDS"", 'game_date': '2017-09-17 06:50:00', 'game_avg_viewers': '10'}, {'game_title': 'NBA 2K18', 'game_date': '2017-09-17 12:40:00', 'game_avg_viewers': '27'}]"
ares_rune,https://twitchtracker.com/ares_rune/streams/26261383520,2017-09-15 12:07:06,2017-09-15 15:05:00,177,32,11,18,1,3,14.6,43,"[{'game_title': ""PLAYERUNKNOWN'S BATTLEGROUNDS"", 'game_date': '2017-09-15 13:00:00', 'game_avg_viewers': '6'}, {'game_title': 'Lost Ark Online', 'game_date': '2017-09-15 15:00:00', 'game_avg_viewers': '12'}]"
ares_rune,https://twitchtracker.com/ares_rune/streams/26246177264,2017-09-13 06:03:13,2017-09-13 11:45:00,341,51,9,13,0.2,1,8.4,48,
ares_rune,https://twitchtracker.com/ares_rune/streams/26232993072,2017-09-11 11:14:25,2017-09-11 11:55:00,40,3,5,5,0,0,0,0,
ares_rune,https://twitchtracker.com/ares_rune/streams/26239838016,2017-09-12 09:49:30,2017-09-12 12:35:00,165,33,12,15,1.5,4,9.8,27,
ares_rune,https://twitchtracker.com/ares_rune/streams/26224007952,2017-09-10 04:55:38,2017-09-10 09:25:00,269,94,21,37,3.3,15,25.9,116,"[{'game_title': 'Yet Another Zombie Defense', 'game_date': '2017-09-10 05:30:00', 'game_avg_viewers': '10'}, {'game_title': ""Tom Clancy's Rainbow Six: Siege"", 'game_date': '2017-09-10 06:30:00', 'game_avg_viewers': '30'}, {'game_title': 'RAID: World War II', 'game_date': '2017-09-10 08:00:00', 'game_avg_viewers': '27'}, {'game_title': ""PLAYERUNKNOWN'S BATTLEGROUNDS"", 'game_date': '2017-09-10 09:20:00', 'game_avg_viewers': '15'}]"
ares_rune,https://twitchtracker.com/ares_rune/streams/26216917088,2017-09-09 10:57:27,2017-09-09 11:55:00,57,4,5,8,0,0,3.2,3,
ares_rune,https://twitchtracker.com/ares_rune/streams/26215378560,2017-09-09 04:19:20,2017-09-09 08:45:00,265,83,19,39,8.4,37,18.6,82,"[{'game_title': ""PLAYERUNKNOWN'S BATTLEGROUNDS"", 'game_date': '2017-09-09 05:50:00', 'game_avg_viewers': '9'}, {'game_title': ""Tom Clancy's Rainbow Six: Siege"", 'game_date': '2017-09-09 08:40:00', 'game_avg_viewers': '24'}]"
ares_rune,https://twitchtracker.com/ares_rune/streams/26169547536,2017-09-03 07:47:34,2017-09-03 11:15:00,207,34,10,15,0,0,9.6,33,"[{'game_title': 'Absolver', 'game_date': '2017-09-03 08:30:00', 'game_avg_viewers': '12'}, {'game_title': ""PLAYERUNKNOWN'S BATTLEGROUNDS"", 'game_date': '2017-09-03 11:10:00', 'game_avg_viewers': '9'}]"
ares_rune,https://twitchtracker.com/ares_rune/streams/26201381280,2017-09-07 10:14:33,2017-09-07 12:45:00,150,37,15,18,0.8,2,16.4,41,
ares_rune,https://twitchtracker.com/ares_rune/streams/26178362208,2017-09-04 10:44:19,2017-09-04 12:45:00,120,26,13,21,0.5,1,16.5,33,
ares_rune,https://twitchtracker.com/ares_rune/streams/26131059776,2017-08-29 10:11:05,2017-08-29 12:25:00,133,26,12,16,2.7,6,23.9,53,"[{'game_title': ""Tom Clancy's Rainbow Six: Siege"", 'game_date': '2017-08-29 11:30:00', 'game_avg_viewers': '12'}, {'game_title': ""PLAYERUNKNOWN'S BATTLEGROUNDS"", 'game_date': '2017-08-29 12:10:00', 'game_avg_viewers': '10'}, {'game_title': 'Tree of Life', 'game_date': '2017-08-29 12:20:00', 'game_avg_viewers': '10'}]"
ares_rune,https://twitchtracker.com/ares_rune/streams/26114972272,2017-08-27 09:08:49,2017-08-27 12:25:00,196,42,13,16,5.5,18,12.6,41,"[{'game_title': ""Tom Clancy's Rainbow Six: Siege"", 'game_date': '2017-08-27 12:00:00', 'game_avg_viewers': '12'}, {'game_title': 'Tree of Life', 'game_date': '2017-08-27 12:20:00', 'game_avg_viewers': '13'}]"
ares_rune,https://twitchtracker.com/ares_rune/streams/26107153376,2017-08-26 11:30:30,2017-08-26 15:05:00,214,24,7,12,0.6,2,9.3,33,"[{'game_title': ""PLAYERUNKNOWN'S BATTLEGROUNDS"", 'game_date': '2017-08-26 12:50:00', 'game_avg_viewers': '7'}, {'game_title': ""Tom Clancy's Rainbow Six: Siege"", 'game_date': '2017-08-26 15:00:00', 'game_avg_viewers': '7'}]"
ares_rune,https://twitchtracker.com/ares_rune/streams/26208738608,2017-09-08 10:17:01,2017-09-08 12:35:00,137,20,9,12,0,0,8.8,20,"[{'game_title': ""PLAYERUNKNOWN'S BATTLEGROUNDS"", 'game_date': '2017-09-08 11:20:00', 'game_avg_viewers': '8'}, {'game_title': ""Tom Clancy's Rainbow Six: Siege"", 'game_date': '2017-09-08 12:30:00', 'game_avg_viewers': '9'}]"
ares_rune,https://twitchtracker.com/ares_rune/streams/26105852304,2017-08-26 05:40:35,2017-08-26 09:15:00,214,28,8,15,0.3,1,11.8,42,"[{'game_title': 'Tree of Life', 'game_date': '2017-08-26 06:20:00', 'game_avg_viewers': '5'}, {'game_title': ""PLAYERUNKNOWN'S BATTLEGROUNDS"", 'game_date': '2017-08-26 08:10:00', 'game_avg_viewers': '8'}, {'game_title': ""Tom Clancy's Rainbow Six: Siege"", 'game_date': '2017-08-26 09:10:00', 'game_avg_viewers': '10'}]"
ares_rune,https://twitchtracker.com/ares_rune/streams/26098520816,2017-08-25 10:06:37,2017-08-25 12:45:00,158,44,17,22,3.8,10,25.8,68,
ares_rune,https://twitchtracker.com/ares_rune/streams/26067701264,2017-08-21 10:27:09,2017-08-21 11:55:00,87,13,9,13,0,0,5.5,8,
ares_rune,https://twitchtracker.com/ares_rune/streams/26027562144,2017-08-16 09:37:47,2017-08-16 11:55:00,137,31,14,18,3.5,8,14.9,34,
ares_rune,https://twitchtracker.com/ares_rune/streams/25989282000,2017-08-12 07:15:00,2017-08-12 08:45:00,90,16,11,15,0,0,24,36,
ares_rune,https://twitchtracker.com/ares_rune/streams/25981798144,2017-08-11 10:16:10,2017-08-11 12:15:00,118,25,13,19,0.5,1,13.2,26,
ares_rune,https://twitchtracker.com/ares_rune/streams/25973700448,2017-08-10 10:03:40,2017-08-10 13:55:00,231,46,12,17,0.3,1,7.3,28,
ares_rune,https://twitchtracker.com/ares_rune/streams/25965710704,2017-08-09 09:47:56,2017-08-09 12:45:00,177,35,12,16,-0.3,-1,12.2,36,
ares_rune,https://twitchtracker.com/ares_rune/streams/25916813888,2017-08-03 11:26:05,2017-08-03 11:55:00,28,4,10,10,0,0,0,0,
ares_rune,https://twitchtracker.com/ares_rune/streams/25575024544,2017-06-23 10:04:05,2017-06-23 14:05:00,240,104,26,28,0,0,0,0,
ares_rune,https://twitchtracker.com/ares_rune/streams/25899968848,2017-08-01 10:03:03,2017-08-01 12:05:00,121,22,11,15,0.5,1,11.4,23,
ares_rune,https://twitchtracker.com/ares_rune/streams/25891986992,2017-07-31 10:42:14,2017-07-31 12:15:00,92,15,10,14,0,0,9.8,15,
ares_rune,https://twitchtracker.com/ares_rune/streams/25874179744,2017-07-29 05:13:48,2017-07-29 07:15:00,121,14,7,9,1,2,4.5,9,
ares_rune,https://twitchtracker.com/ares_rune/streams/25858726960,2017-07-27 10:02:39,2017-07-27 12:45:00,162,37,14,17,1.9,5,11.5,31,"[{'game_title': ""Tom Clancy's Rainbow Six: Siege"", 'game_date': '2017-07-27 11:30:00', 'game_avg_viewers': '14'}, {'game_title': ""PLAYERUNKNOWN'S BATTLEGROUNDS"", 'game_date': '2017-07-27 12:40:00', 'game_avg_viewers': '13'}]"
ares_rune,https://twitchtracker.com/ares_rune/streams/25682303712,2017-07-06 10:03:32,2017-07-06 13:25:00,201,80,24,24,0,0,0,0,
ares_rune,https://twitchtracker.com/ares_rune/streams/25908279552,2017-08-02 09:48:52,2017-08-02 12:25:00,156,28,11,17,0.4,1,10.8,28,
ares_rune,https://twitchtracker.com/ares_rune/streams/25567305584,2017-06-22 09:38:52,2017-06-22 13:35:00,236,98,25,25,0,0,0,0,
ares_rune,https://twitchtracker.com/ares_rune/streams/25304886816,2017-05-18 11:06:36,2017-05-18 12:55:00,108,48,27,36,-0.6,-1,36.7,66,"[{'game_title': ""Tom Clancy's Rainbow Six: Siege"", 'game_date': '2017-05-18 12:20:00', 'game_avg_viewers': '27'}, {'game_title': 'Salt and Sanctuary', 'game_date': '2017-05-18 12:50:00', 'game_avg_viewers': '25'}]"
ares_rune,https://twitchtracker.com/ares_rune/streams/25513897584,2017-06-15 10:05:50,2017-06-15 12:45:00,159,63,24,25,0,0,55.5,147,
ares_rune,https://twitchtracker.com/ares_rune/streams/25482741248,2017-06-11 05:00:07,2017-06-11 08:15:00,194,113,35,41,0.3,1,52.6,170,
ares_rune,https://twitchtracker.com/ares_rune/streams/25474773920,2017-06-10 04:30:57,2017-06-10 08:05:00,214,89,25,28,-1.1,-4,69.8,249,
ares_rune,https://twitchtracker.com/ares_rune/streams/25446107456,2017-06-06 04:16:50,2017-06-06 08:15:00,238,107,27,34,0.8,3,83.9,333,"[{'game_title': ""Tom Clancy's Rainbow Six: Siege"", 'game_date': '2017-06-06 06:30:00', 'game_avg_viewers': '23'}, {'game_title': 'Tekken 7', 'game_date': '2017-06-06 08:10:00', 'game_avg_viewers': '28'}]"
ares_rune,https://twitchtracker.com/ares_rune/streams/25401481088,2017-05-31 09:47:03,2017-05-31 11:35:00,107,39,22,22,0.6,1,97.6,174,
ares_rune,https://twitchtracker.com/ares_rune/streams/25357058464,2017-05-25 10:13:31,2017-05-25 13:45:00,211,84,24,24,0,0,95.5,336,
ares_rune,https://twitchtracker.com/ares_rune/streams/25298105696,2017-05-17 11:08:44,2017-05-17 13:05:00,116,50,26,26,-0.5,-1,82.8,160,
ares_rune,https://twitchtracker.com/ares_rune/streams/25260314352,2017-05-12 10:57:57,2017-05-12 12:25:00,87,40,28,36,0,0,106.9,155,
ares_rune,https://twitchtracker.com/ares_rune/streams/25195162880,2017-05-03 10:58:26,2017-05-03 12:45:00,106,45,26,26,0.6,1,200.9,355,
ares_rune,https://twitchtracker.com/ares_rune/streams/25194214816,2017-05-03 05:00:20,2017-05-03 08:35:00,214,96,27,31,0,0,0,0,"[{'game_title': 'Heroes of the Storm', 'game_date': '2017-05-03 06:40:00', 'game_avg_viewers': '26'}, {'game_title': ""Tom Clancy's Rainbow Six: Siege"", 'game_date': '2017-05-03 08:30:00', 'game_avg_viewers': '28'}]"
ares_rune,https://twitchtracker.com/ares_rune/streams/25181122928,2017-05-01 11:03:31,2017-05-01 11:45:00,41,17,25,25,-2.9,-2,121.5,83,
ares_rune,https://twitchtracker.com/ares_rune/streams/25162214800,2017-04-29 05:25:43,2017-04-29 09:15:00,229,152,40,54,0,0,54,206,"[{'game_title': ""Tom Clancy's Rainbow Six: Siege"", 'game_date': '2017-04-29 07:30:00', 'game_avg_viewers': '47'}, {'game_title': 'Heroes of the Storm', 'game_date': '2017-04-29 09:10:00', 'game_avg_viewers': '24'}]"
ares_rune,https://twitchtracker.com/ares_rune/streams/25141040560,2017-04-26 10:15:51,2017-04-26 13:05:00,169,73,26,30,0,0,24.9,70,
ares_rune,https://twitchtracker.com/ares_rune/streams/25239735024,2017-05-09 11:13:35,2017-05-09 13:45:00,151,65,26,31,0.4,1,144.6,364,
ares_rune,https://twitchtracker.com/ares_rune/streams/25100510064,2017-04-21 11:14:30,2017-04-21 14:45:00,210,119,34,41,0.9,3,33.4,117,
ares_rune,https://twitchtracker.com/ares_rune/streams/25126511568,2017-04-24 10:41:50,2017-04-24 14:45:00,243,105,26,31,-0.2,-1,30.6,124,
ares_rune,https://twitchtracker.com/ares_rune/streams/25093139744,2017-04-20 10:28:47,2017-04-20 13:55:00,206,89,26,31,0.6,2,53.3,183,"[{'game_title': ""Tom Clancy's Rainbow Six: Siege"", 'game_date': '2017-04-20 12:00:00', 'game_avg_viewers': '24'}, {'game_title': ""PLAYERUNKNOWN'S BATTLEGROUNDS"", 'game_date': '2017-04-20 13:50:00', 'game_avg_viewers': '26'}]"
ares_rune,https://twitchtracker.com/ares_rune/streams/25078593808,2017-04-18 10:06:48,2017-04-18 13:15:00,188,75,24,24,0.6,2,41.2,129,
ares_rune,https://twitchtracker.com/ares_rune/streams/25053720160,2017-04-15 10:52:13,2017-04-15 14:35:00,222,107,29,38,0.3,1,51.1,189,
ares_rune,https://twitchtracker.com/ares_rune/streams/25052935568,2017-04-15 07:19:53,2017-04-15 10:05:00,165,90,33,39,0,0,0,0,
ares_rune,https://twitchtracker.com/ares_rune/streams/25061294160,2017-04-16 05:12:11,2017-04-16 10:35:00,322,300,56,71,1.9,10,60.4,324,
ares_rune,https://twitchtracker.com/ares_rune/streams/25036423024,2017-04-13 11:14:49,2017-04-13 14:25:00,190,98,31,39,-0.3,-1,27.8,88,
ares_rune,https://twitchtracker.com/ares_rune/streams/25020900992,2017-04-11 10:38:11,2017-04-11 14:45:00,246,151,37,40,0,0,22.7,93,
ares_rune,https://twitchtracker.com/ares_rune/streams/25013359184,2017-04-10 10:59:27,2017-04-10 14:25:00,205,116,34,44,0,0,43.3,148,"[{'game_title': ""Tom Clancy's Rainbow Six: Siege"", 'game_date': '2017-04-10 12:40:00', 'game_avg_viewers': '30'}, {'game_title': ""PLAYERUNKNOWN'S BATTLEGROUNDS"", 'game_date': '2017-04-10 14:20:00', 'game_avg_viewers': '37'}]"
ares_rune,https://twitchtracker.com/ares_rune/streams/24987887792,2017-04-07 10:37:48,2017-04-07 14:45:00,247,131,32,40,0,0,37.9,156,
ares_rune,https://twitchtracker.com/ares_rune/streams/24996437456,2017-04-08 10:50:30,2017-04-08 14:05:00,194,103,32,41,0.9,3,82,265,
ares_rune,https://twitchtracker.com/ares_rune/streams/24995297232,2017-04-08 05:42:40,2017-04-08 08:45:00,182,148,49,58,0,0,0,0,
ares_rune,https://twitchtracker.com/ares_rune/streams/25028590768,2017-04-12 10:23:17,2017-04-12 13:55:00,211,112,32,40,0.3,1,25.9,91,
ares_rune,https://twitchtracker.com/ares_rune/streams/25004340928,2017-04-09 06:47:17,2017-04-09 10:45:00,237,169,43,50,-0.3,-1,38.2,151,
ares_rune,https://twitchtracker.com/ares_rune/streams/24973087536,2017-04-05 10:32:21,2017-04-05 13:35:00,182,109,36,44,0,0,25.4,77,
ares_rune,https://twitchtracker.com/ares_rune/streams/24965365584,2017-04-04 09:43:19,2017-04-04 15:15:00,331,204,37,44,-0.2,-1,31.5,174,
ares_rune,https://twitchtracker.com/ares_rune/streams/24948314576,2017-04-02 06:53:13,2017-04-02 10:35:00,221,176,48,59,0,0,39.1,144,
ares_rune,https://twitchtracker.com/ares_rune/streams/24939507520,2017-04-01 11:00:45,2017-04-01 14:55:00,234,136,35,43,0,0,75.4,294,
ares_rune,https://twitchtracker.com/ares_rune/streams/24938137840,2017-04-01 05:28:30,2017-04-01 09:55:00,266,203,46,66,0,0,0,0,
ares_rune,https://twitchtracker.com/ares_rune/streams/24929993488,2017-03-31 09:57:24,2017-03-31 15:55:00,357,226,38,51,0,0,31.6,188,
ares_rune,https://twitchtracker.com/ares_rune/streams/24921953344,2017-03-30 10:27:05,2017-03-30 14:45:00,257,214,50,58,0.5,2,38.1,163,
ares_rune,https://twitchtracker.com/ares_rune/streams/24913999952,2017-03-29 09:31:59,2017-03-29 15:15:00,343,268,47,59,0,0,42.9,245,
ares_rune,https://twitchtracker.com/ares_rune/streams/24905918512,2017-03-28 10:15:38,2017-03-28 13:35:00,199,162,49,60,0.6,2,38.6,128,
ares_rune,https://twitchtracker.com/ares_rune/streams/24897708672,2017-03-27 10:02:55,2017-03-27 14:35:00,272,217,48,59,0.7,3,46.3,210,
ares_rune,https://twitchtracker.com/ares_rune/streams/24854024544,2017-03-22 10:07:29,2017-03-22 14:45:00,277,161,35,49,0.2,1,60.2,278,"[{'game_title': ""Tom Clancy's Rainbow Six: Siege"", 'game_date': '2017-03-22 13:31:00', 'game_avg_viewers': '40'}, {'game_title': 'Dead Rising 4', 'game_date': '2017-03-22 14:40:00', 'game_avg_viewers': '25'}]"
ares_rune,https://twitchtracker.com/ares_rune/streams/24837894832,2017-03-20 09:47:35,2017-03-20 13:25:00,217,122,34,45,0.8,3,52.5,190,"[{'game_title': ""PLAYERUNKNOWN'S BATTLEGROUNDS"", 'game_date': '2017-03-20 13:20:00', 'game_avg_viewers': '34'}, {'game_title': ""Tom Clancy's Rainbow Six: Siege"", 'game_date': '2017-03-20 11:31:00', 'game_avg_viewers': '30'}]"
ares_rune,https://twitchtracker.com/ares_rune/streams/24878816960,2017-03-25 11:49:41,2017-03-25 16:45:00,295,250,51,61,1.2,6,82.8,407,
ares_rune,https://twitchtracker.com/ares_rune/streams/24869248560,2017-03-24 09:36:11,2017-03-24 16:15:00,398,278,42,52,0.2,1,40.1,266,
ares_rune,https://twitchtracker.com/ares_rune/streams/24827386880,2017-03-19 04:17:55,2017-03-19 06:25:00,127,171,81,87,0,0,0,0,
ares_rune,https://twitchtracker.com/ares_rune/streams/24828392080,2017-03-19 07:30:24,2017-03-19 10:45:00,194,265,82,84,1.9,6,162.4,525,
ares_rune,https://twitchtracker.com/ares_rune/streams/24885909600,2017-03-26 01:57:00,2017-03-26 08:15:00,378,504,80,94,1.6,10,50.3,317,
ares_rune,https://twitchtracker.com/ares_rune/streams/24876852496,2017-03-25 04:23:07,2017-03-25 08:35:00,251,267,64,79,0,0,0,0,
ares_rune,https://twitchtracker.com/ares_rune/streams/24809864704,2017-03-17 08:38:20,2017-03-17 15:35:00,416,263,38,48,0.1,1,67.1,465,
ares_rune,https://twitchtracker.com/ares_rune/streams/24815512432,2017-03-17 23:48:30,2017-03-18 14:25:00,876,1839,126,273,3.8,55,110,1606,
ares_rune,https://twitchtracker.com/ares_rune/streams/24762007008,2017-03-12 01:17:12,2017-03-12 12:25:00,667,1211,109,203,3.3,37,94.2,1047,
ares_rune,https://twitchtracker.com/ares_rune/streams/24757888416,2017-03-11 18:13:06,2017-03-11 18:35:00,21,8,24,24,25.7,9,1682.9,589,
ares_rune,https://twitchtracker.com/ares_rune/streams/24752749920,2017-03-11 04:28:23,2017-03-11 11:05:00,396,336,51,74,0,0,0,0,
ares_rune,https://twitchtracker.com/ares_rune/streams/24783990208,2017-03-14 10:21:14,2017-03-14 14:05:00,223,126,34,44,0.5,2,48.2,179,"[{'game_title': ""Tom Clancy's Rainbow Six: Siege"", 'game_date': '2017-03-14 13:20:00', 'game_avg_viewers': '36'}, {'game_title': 'Blackwake', 'game_date': '2017-03-14 13:30:00', 'game_avg_viewers': '31'}, {'game_title': 'StarCraft II', 'game_date': '2017-03-14 14:00:00', 'game_avg_viewers': '26'}]"
ares_rune,https://twitchtracker.com/ares_rune/streams/24744953760,2017-03-10 10:05:21,2017-03-10 15:15:00,309,164,32,44,0.6,3,37.7,194,
ares_rune,https://twitchtracker.com/ares_rune/streams/24774991008,2017-03-13 09:49:27,2017-03-13 16:25:00,395,546,83,155,3.8,25,90.4,595,
ares_rune,https://twitchtracker.com/ares_rune/streams/24729272992,2017-03-08 10:45:50,2017-03-08 13:45:00,179,77,26,28,0,0,31.5,94,
ares_rune,https://twitchtracker.com/ares_rune/streams/24720081088,2017-03-07 11:55:21,2017-03-07 13:45:00,109,45,25,26,2.8,5,67.7,123,"[{'game_title': 'Deceit', 'game_date': '2017-03-07 12:40:00', 'game_avg_viewers': '26'}, {'game_title': ""Tom Clancy's Rainbow Six: Siege"", 'game_date': '2017-03-07 13:40:00', 'game_avg_viewers': '24'}]"
ares_rune,https://twitchtracker.com/ares_rune/streams/24711040544,2017-03-06 11:23:35,2017-03-06 15:05:00,221,187,51,69,3.5,13,61.6,227,
ares_rune,https://twitchtracker.com/ares_rune/streams/24698424800,2017-03-05 03:43:47,2017-03-05 14:35:00,651,444,41,54,0.9,10,63.4,688,"[{'game_title': ""PLAYERUNKNOWN'S BATTLEGROUNDS"", 'game_date': '2017-03-05 14:30:00', 'game_avg_viewers': '41'}, {'game_title': ""Tom Clancy's Rainbow Six: Siege"", 'game_date': '2017-03-05 09:30:00', 'game_avg_viewers': '42'}]"
ares_rune,https://twitchtracker.com/ares_rune/streams/24688285328,2017-03-04 05:56:27,2017-03-04 16:15:00,618,412,40,57,0.6,6,45.3,467,"[{'game_title': ""Tom Clancy's Rainbow Six: Siege"", 'game_date': '2017-03-04 12:10:00', 'game_avg_viewers': '44'}, {'game_title': ""PLAYERUNKNOWN'S BATTLEGROUNDS"", 'game_date': '2017-03-04 16:10:00', 'game_avg_viewers': '32'}]"
ares_rune,https://twitchtracker.com/ares_rune/streams/24670974944,2017-03-02 09:05:55,2017-03-02 13:45:00,279,130,28,35,0,0,28.8,134,"[{'game_title': 'Horizon Zero Dawn', 'game_date': '2017-03-02 10:40:00', 'game_avg_viewers': '31'}, {'game_title': ""Tom Clancy's Rainbow Six: Siege"", 'game_date': '2017-03-02 12:40:00', 'game_avg_viewers': '26'}, {'game_title': 'Blackwake', 'game_date': '2017-03-02 13:40:00', 'game_avg_viewers': '25'}]"
ares_rune,https://twitchtracker.com/ares_rune/streams/24652897344,2017-02-28 08:43:13,2017-02-28 13:55:00,311,129,25,27,0,0,17.9,93,
ares_rune,https://twitchtracker.com/ares_rune/streams/24661114192,2017-03-01 03:54:38,2017-03-01 14:25:00,630,294,28,34,0.2,2,22.8,239,
ares_rune,https://twitchtracker.com/ares_rune/streams/24645027424,2017-02-27 10:17:01,2017-02-27 14:15:00,237,173,44,55,1.5,6,74.7,295,"[{'game_title': 'Blackwake', 'game_date': '2017-02-27 13:30:00', 'game_avg_viewers': '46'}, {'game_title': 'StarCraft II', 'game_date': '2017-02-27 14:10:00', 'game_avg_viewers': '34'}]"
ares_rune,https://twitchtracker.com/ares_rune/streams/24633087552,2017-02-26 03:19:23,2017-02-26 13:05:00,585,555,57,106,1.6,16,61.5,600,"[{'game_title': ""Tom Clancy's Rainbow Six: Siege"", 'game_date': '2017-02-26 08:20:00', 'game_avg_viewers': '44'}, {'game_title': 'Blackwake', 'game_date': '2017-02-26 13:00:00', 'game_avg_viewers': '70'}]"
ares_rune,https://twitchtracker.com/ares_rune/streams/24598016672,2017-02-22 10:13:53,2017-02-22 16:15:00,361,234,39,50,1.2,7,29.8,179,"[{'game_title': ""Tom Clancy's Rainbow Six: Siege"", 'game_date': '2017-02-22 14:40:00', 'game_avg_viewers': '41'}, {'game_title': 'StarCraft II', 'game_date': '2017-02-22 16:10:00', 'game_avg_viewers': '31'}]"
ares_rune,https://twitchtracker.com/ares_rune/streams/24570268464,2017-02-19 07:23:30,2017-02-19 15:05:00,461,222,29,34,-0.3,-2,27.9,214,"[{'game_title': 'Nioh', 'game_date': '2017-02-19 12:00:00', 'game_avg_viewers': '28'}, {'game_title': 'The Wild Eight', 'game_date': '2017-02-19 13:00:00', 'game_avg_viewers': '28'}, {'game_title': 'For Honor', 'game_date': '2017-02-19 15:00:00', 'game_avg_viewers': '29'}]"
ares_rune,https://twitchtracker.com/ares_rune/streams/24623279552,2017-02-25 05:31:30,2017-02-25 09:45:00,253,139,33,42,0.7,3,54.8,231,"[{'game_title': ""Tom Clancy's Rainbow Six: Siege"", 'game_date': '2017-02-25 08:30:00', 'game_avg_viewers': '35'}, {'game_title': 'For Honor', 'game_date': '2017-02-25 09:40:00', 'game_avg_viewers': '27'}]"
ares_rune,https://twitchtracker.com/ares_rune/streams/24606497040,2017-02-23 11:32:56,2017-02-23 14:15:00,162,70,26,29,0.4,1,30.4,82,
ares_rune,https://twitchtracker.com/ares_rune/streams/24589742368,2017-02-21 10:36:31,2017-02-21 15:55:00,318,127,24,24,0.2,1,25.3,134,
ares_rune,https://twitchtracker.com/ares_rune/streams/24559105120,2017-02-18 05:40:16,2017-02-18 15:15:00,574,277,29,34,0.2,2,23.8,228,"[{'game_title': 'Nioh', 'game_date': '2017-02-18 12:20:00', 'game_avg_viewers': '29'}, {'game_title': ""Tom Clancy's Rainbow Six: Siege"", 'game_date': '2017-02-18 15:10:00', 'game_avg_viewers': '26'}]"
ares_rune,https://twitchtracker.com/ares_rune/streams/24550723584,2017-02-17 11:13:59,2017-02-17 15:55:00,281,135,29,35,0.2,1,33.7,158,"[{'game_title': ""Tom Clancy's Rainbow Six: Siege"", 'game_date': '2017-02-17 14:00:00', 'game_avg_viewers': '30'}, {'game_title': 'For Honor', 'game_date': '2017-02-17 15:50:00', 'game_avg_viewers': '27'}]"
ares_rune,https://twitchtracker.com/ares_rune/streams/24542258752,2017-02-16 10:34:20,2017-02-16 15:55:00,320,202,38,54,1.7,9,33.9,181,"[{'game_title': ""Tom Clancy's Rainbow Six: Siege"", 'game_date': '2017-02-16 14:00:00', 'game_avg_viewers': '40'}, {'game_title': 'For Honor', 'game_date': '2017-02-16 15:50:00', 'game_avg_viewers': '34'}]"
ares_rune,https://twitchtracker.com/ares_rune/streams/24533262960,2017-02-15 09:26:43,2017-02-15 13:45:00,258,120,28,33,0.5,2,29.1,125,"[{'game_title': 'For Honor', 'game_date': '2017-02-15 13:10:00', 'game_avg_viewers': '28'}, {'game_title': 'Nioh', 'game_date': '2017-02-15 13:40:00', 'game_avg_viewers': '23'}]"
ares_rune,https://twitchtracker.com/ares_rune/streams/24525836496,2017-02-14 11:03:43,2017-02-14 15:15:00,251,121,29,39,0.5,2,31.3,131,
ares_rune,https://twitchtracker.com/ares_rune/streams/24516609392,2017-02-13 11:42:55,2017-02-13 15:05:00,202,97,29,33,0.6,2,47.2,159,
ares_rune,https://twitchtracker.com/ares_rune/streams/24503701808,2017-02-12 03:12:06,2017-02-12 08:05:00,292,223,46,59,0.2,1,64.1,312,"[{'game_title': ""Tom Clancy's Rainbow Six: Siege"", 'game_date': '2017-02-12 04:20:00', 'game_avg_viewers': '28'}, {'game_title': 'For Honor', 'game_date': '2017-02-12 08:00:00', 'game_avg_viewers': '47'}]"
ares_rune,https://twitchtracker.com/ares_rune/streams/24493255632,2017-02-11 04:38:24,2017-02-11 09:15:00,276,207,45,71,0.7,3,56.1,258,"[{'game_title': ""Tom Clancy's Rainbow Six: Siege"", 'game_date': '2017-02-11 08:20:00', 'game_avg_viewers': '47'}, {'game_title': 'Nioh', 'game_date': '2017-02-11 09:10:00', 'game_avg_viewers': '38'}]"
ares_rune,https://twitchtracker.com/ares_rune/streams/24484243904,2017-02-10 10:50:05,2017-02-10 16:45:00,354,224,38,50,1.7,10,29.2,172,
ares_rune,https://twitchtracker.com/ares_rune/streams/24474957104,2017-02-09 10:16:42,2017-02-09 16:35:00,378,195,31,43,1,6,35.4,223,"[{'game_title': ""Tom Clancy's Rainbow Six: Siege"", 'game_date': '2017-02-09 13:20:00', 'game_avg_viewers': '34'}, {'game_title': 'For Honor', 'game_date': '2017-02-09 16:30:00', 'game_avg_viewers': '25'}]"
ares_rune,https://twitchtracker.com/ares_rune/streams/24466652000,2017-02-08 10:48:10,2017-02-08 13:35:00,166,146,53,78,2.2,6,92.9,257,
ares_rune,https://twitchtracker.com/ares_rune/streams/24399118272,2017-02-01 01:50:39,2017-02-01 08:45:00,414,1552,225,335,9,62,299.1,2064,
ares_rune,https://twitchtracker.com/ares_rune/streams/24426790080,2017-02-04 04:04:05,2017-02-04 09:45:00,340,617,109,191,0,0,0,0,
ares_rune,https://twitchtracker.com/ares_rune/streams/24418298128,2017-02-03 10:44:43,2017-02-03 17:35:00,410,225,33,64,-0.4,-3,64.5,441,"[{'game_title': ""Tom Clancy's Ghost Recon"", 'game_date': '2017-02-03 14:20:00', 'game_avg_viewers': '29'}, {'game_title': 'Conan Exiles', 'game_date': '2017-02-03 17:30:00', 'game_avg_viewers': '38'}]"
ares_rune,https://twitchtracker.com/ares_rune/streams/24438564464,2017-02-05 04:24:28,2017-02-05 10:45:00,380,297,47,58,0.8,5,47.2,299,
ares_rune,https://twitchtracker.com/ares_rune/streams/24392872608,2017-01-31 09:50:15,2017-01-31 18:05:00,494,938,114,289,5.2,43,139.2,1146,
ares_rune,https://twitchtracker.com/ares_rune/streams/24409745904,2017-02-02 09:32:51,2017-02-02 13:45:00,252,256,61,130,0.5,2,116.9,491,"[{'game_title': 'Conan Exiles', 'game_date': '2017-02-02 11:30:00', 'game_avg_viewers': '89'}, {'game_title': ""Tom Clancy's Rainbow Six: Siege"", 'game_date': '2017-02-02 13:40:00', 'game_avg_viewers': '36'}]"
ares_rune,https://twitchtracker.com/ares_rune/streams/24429131552,2017-02-04 11:26:06,2017-02-04 16:55:00,328,185,34,50,2.9,16,191,1044,"[{'game_title': 'Conan Exiles', 'game_date': '2017-02-04 16:50:00', 'game_avg_viewers': '36'}, {'game_title': ""Tom Clancy's Rainbow Six: Siege"", 'game_date': '2017-02-04 15:00:00', 'game_avg_viewers': '30'}]"
ares_rune,https://twitchtracker.com/ares_rune/streams/24383760160,2017-01-30 05:29:12,2017-01-30 12:15:00,405,222,33,45,0.1,1,39.3,265,
ares_rune,https://twitchtracker.com/ares_rune/streams/24352081888,2017-01-27 05:35:45,2017-01-27 12:45:00,429,293,41,62,0.6,4,57.6,412,
ares_rune,https://twitchtracker.com/ares_rune/streams/24344624064,2017-01-26 13:30:23,2017-01-26 18:25:00,294,137,28,33,0.6,3,41.6,204,
ares_rune,https://twitchtracker.com/ares_rune/streams/24343964656,2017-01-26 10:29:22,2017-01-26 12:35:00,125,50,24,26,0,0,0,0,
ares_rune,https://twitchtracker.com/ares_rune/streams/24335481504,2017-01-25 10:52:14,2017-01-25 12:55:00,122,52,26,28,0,0,44.8,91,
ares_rune,https://twitchtracker.com/ares_rune/streams/24326717760,2017-01-24 11:56:07,2017-01-24 15:35:00,218,130,36,37,-0.3,-1,69.1,251,
ares_rune,https://twitchtracker.com/ares_rune/streams/24361893536,2017-01-28 05:17:22,2017-01-28 10:55:00,337,185,33,46,0.7,4,36.7,206,
ares_rune,https://twitchtracker.com/ares_rune/streams/24294952416,2017-01-21 04:11:26,2017-01-21 10:45:00,393,189,29,34,0.2,1,34.5,226,"[{'game_title': 'Heroes of the Storm', 'game_date': '2017-01-21 07:20:00', 'game_avg_viewers': '25'}, {'game_title': ""Tom Clancy's Rainbow Six: Siege"", 'game_date': '2017-01-21 10:40:00', 'game_avg_viewers': '29'}]"
ares_rune,https://twitchtracker.com/ares_rune/streams/24278562768,2017-01-19 10:09:23,2017-01-19 13:15:00,185,95,31,42,0.6,2,63.2,195,"[{'game_title': ""Tom Clancy's Rainbow Six: Siege"", 'game_date': '2017-01-19 13:00:00', 'game_avg_viewers': '31'}, {'game_title': 'Heroes of the Storm', 'game_date': '2017-01-19 13:10:00', 'game_avg_viewers': '32'}]"
ares_rune,https://twitchtracker.com/ares_rune/streams/24262261968,2017-01-17 10:13:15,2017-01-17 12:55:00,161,67,25,27,0.4,1,32,86,"[{'game_title': 'Subsistence', 'game_date': '2017-01-17 11:40:00', 'game_avg_viewers': '25'}, {'game_title': 'Heroes of the Storm', 'game_date': '2017-01-17 12:50:00', 'game_avg_viewers': '25'}]"
ares_rune,https://twitchtracker.com/ares_rune/streams/24254255696,2017-01-16 10:34:59,2017-01-16 13:35:00,180,111,37,48,0.7,2,65,195,"[{'game_title': ""Tom Clancy's Rainbow Six: Siege"", 'game_date': '2017-01-16 13:10:00', 'game_avg_viewers': '39'}, {'game_title': 'Heroes of the Storm', 'game_date': '2017-01-16 13:30:00', 'game_avg_viewers': '25'}]"
ares_rune,https://twitchtracker.com/ares_rune/streams/24244062160,2017-01-15 05:24:22,2017-01-15 09:15:00,230,161,42,64,0,0,57.7,221,"[{'game_title': ""Tom Clancy's Rainbow Six: Siege"", 'game_date': '2017-01-15 09:10:00', 'game_avg_viewers': '46'}, {'game_title': 'Heroes of the Storm', 'game_date': '2017-01-15 08:50:00', 'game_avg_viewers': '33'}]"
ares_rune,https://twitchtracker.com/ares_rune/streams/24215657344,2017-01-12 10:14:28,2017-01-12 14:45:00,270,130,29,38,0.4,2,31.3,141,
ares_rune,https://twitchtracker.com/ares_rune/streams/24206938416,2017-01-11 10:37:45,2017-01-11 14:15:00,217,104,29,34,-0.3,-1,39.5,143,"[{'game_title': 'Subsistence', 'game_date': '2017-01-11 12:20:00', 'game_avg_viewers': '27'}, {'game_title': ""Tom Clancy's Rainbow Six: Siege"", 'game_date': '2017-01-11 14:10:00', 'game_avg_viewers': '30'}]"
ares_rune,https://twitchtracker.com/ares_rune/streams/24188816368,2017-01-09 10:35:44,2017-01-09 14:15:00,219,102,28,31,0.8,3,43.6,159,
ares_rune,https://twitchtracker.com/ares_rune/streams/24021011600,2016-12-24 11:09:05,2016-12-24 15:35:00,265,128,29,35,0.2,1,108.7,480,
ares_rune,https://twitchtracker.com/ares_rune/streams/24019268160,2016-12-24 04:38:38,2016-12-24 09:55:00,316,189,36,44,0,0,0,0,"[{'game_title': 'League of Legends', 'game_date': '2016-12-24 05:40:00', 'game_avg_viewers': '25'}, {'game_title': 'The Forest', 'game_date': '2016-12-24 09:40:00', 'game_avg_viewers': '37'}, {'game_title': ""Tom Clancy's Rainbow Six: Siege"", 'game_date': '2016-12-24 09:50:00', 'game_avg_viewers': '34'}]"
ares_rune,https://twitchtracker.com/ares_rune/streams/23944363216,2016-12-16 10:00:28,2016-12-16 12:45:00,164,79,29,32,1.1,3,41.7,114,
ares_rune,https://twitchtracker.com/ares_rune/streams/24001628400,2016-12-22 09:49:54,2016-12-22 12:05:00,135,56,25,26,-0.9,-2,91.6,206,
ares_rune,https://twitchtracker.com/ares_rune/streams/23962597424,2016-12-18 03:03:20,2016-12-18 10:45:00,461,760,99,179,7.3,56,82.4,633,"[{'game_title': 'Astroneer', 'game_date': '2016-12-18 08:40:00', 'game_avg_viewers': '117'}, {'game_title': ""Tom Clancy's Rainbow Six: Siege"", 'game_date': '2016-12-18 10:40:00', 'game_avg_viewers': '50'}]"
ares_rune,https://twitchtracker.com/ares_rune/streams/23953438832,2016-12-17 07:50:03,2016-12-17 15:55:00,484,266,33,39,0.2,2,29.3,236,"[{'game_title': ""Tom Clancy's Rainbow Six: Siege"", 'game_date': '2016-12-17 12:40:00', 'game_avg_viewers': '33'}, {'game_title': 'Astroneer', 'game_date': '2016-12-17 15:50:00', 'game_avg_viewers': '33'}]"
ares_rune,https://twitchtracker.com/ares_rune/streams/23937031360,2016-12-15 13:19:03,2016-12-15 14:35:00,75,32,26,29,7.2,9,209.6,262,
ares_rune,https://twitchtracker.com/ares_rune/streams/23912571856,2016-12-12 11:07:19,2016-12-12 14:15:00,187,87,28,33,0.3,1,46.8,146,"[{'game_title': ""Tom Clancy's Rainbow Six: Siege"", 'game_date': '2016-12-12 13:10:00', 'game_avg_viewers': '29'}, {'game_title': ""Assassin's Creed IV: Black Flag"", 'game_date': '2016-12-12 14:10:00', 'game_avg_viewers': '25'}]"
ares_rune,https://twitchtracker.com/ares_rune/streams/23902798848,2016-12-11 10:15:19,2016-12-11 11:55:00,99,44,27,31,2.4,4,99.4,164,
ares_rune,https://twitchtracker.com/ares_rune/streams/23872727984,2016-12-08 10:50:41,2016-12-08 14:55:00,244,109,27,37,1.5,6,49.9,203,
ares_rune,https://twitchtracker.com/ares_rune/streams/23864293456,2016-12-07 10:05:33,2016-12-07 15:35:00,329,159,29,35,0.5,3,12.9,71,"[{'game_title': 'Shadow Tactics: Blades of the Shogun', 'game_date': '2016-12-07 13:40:00', 'game_avg_viewers': '27'}, {'game_title': ""Tom Clancy's Rainbow Six: Siege"", 'game_date': '2016-12-07 15:31:00', 'game_avg_viewers': '30'}]"
ares_rune,https://twitchtracker.com/ares_rune/streams/23891496752,2016-12-10 11:13:53,2016-12-10 17:55:00,401,187,28,40,-0.3,-2,9.1,61,"[{'game_title': 'DragonBall Xenoverse 2', 'game_date': '2016-12-10 14:20:00', 'game_avg_viewers': '25'}, {'game_title': ""Tom Clancy's Rainbow Six: Siege"", 'game_date': '2016-12-10 16:20:00', 'game_avg_viewers': '28'}, {'game_title': ""Assassin's Creed III"", 'game_date': '2016-12-10 17:50:00', 'game_avg_viewers': '29'}]"
ares_rune,https://twitchtracker.com/ares_rune/streams/23900448736,2016-12-11 03:27:44,2016-12-11 06:55:00,207,89,26,27,0,0,0,0,"[{'game_title': ""Assassin's Creed III"", 'game_date': '2016-12-11 05:20:00', 'game_avg_viewers': '25'}, {'game_title': ""Assassin's Creed IV: Black Flag"", 'game_date': '2016-12-11 06:50:00', 'game_avg_viewers': '26'}]"
ares_rune,https://twitchtracker.com/ares_rune/streams/23855794912,2016-12-06 10:39:27,2016-12-06 13:25:00,165,82,30,36,2.2,6,46.2,127,
ares_rune,https://twitchtracker.com/ares_rune/streams/23835255024,2016-12-04 03:46:34,2016-12-04 07:15:00,208,128,37,50,1.2,4,50.5,175,
ares_rune,https://twitchtracker.com/ares_rune/streams/23824480688,2016-12-03 05:28:16,2016-12-03 07:55:00,146,60,25,26,0.4,1,71.1,173,"[{'game_title': ""Tom Clancy's Rainbow Six: Siege"", 'game_date': '2016-12-03 07:40:00', 'game_avg_viewers': '25'}, {'game_title': 'Lineage Eternal: Twilight Resistance', 'game_date': '2016-12-03 07:50:00', 'game_avg_viewers': '26'}]"
ares_rune,https://twitchtracker.com/ares_rune/streams/23807398672,2016-12-01 10:28:47,2016-12-01 15:15:00,286,133,28,32,0.4,2,40.5,193,
ares_rune,https://twitchtracker.com/ares_rune/streams/23773365888,2016-11-27 09:31:37,2016-11-27 10:35:00,63,26,25,25,3.8,4,172.4,181,
ares_rune,https://twitchtracker.com/ares_rune/streams/23761108336,2016-11-26 05:21:35,2016-11-26 09:25:00,243,101,25,31,0.7,3,32.8,133,"[{'game_title': 'Planet Coaster', 'game_date': '2016-11-26 08:40:00', 'game_avg_viewers': '25'}, {'game_title': 'Yakuza 0', 'game_date': '2016-11-26 09:20:00', 'game_avg_viewers': '23'}]"
ares_rune,https://twitchtracker.com/ares_rune/streams/23790756208,2016-11-29 10:08:10,2016-11-29 15:25:00,316,158,30,38,1.3,7,46.3,244,
ares_rune,https://twitchtracker.com/ares_rune/streams/23745292272,2016-11-24 10:49:15,2016-11-24 13:55:00,185,80,26,29,0,0,77.8,240,
ares_rune,https://twitchtracker.com/ares_rune/streams/23771407184,2016-11-27 03:48:06,2016-11-27 08:25:00,276,119,26,30,0,0,0,0,
ares_rune,https://twitchtracker.com/ares_rune/streams/23720685344,2016-11-21 10:23:48,2016-11-21 13:25:00,181,78,26,28,-0.3,-1,61.7,186,
ares_rune,https://twitchtracker.com/ares_rune/streams/23709548640,2016-11-20 04:12:21,2016-11-20 12:45:00,512,247,29,36,0.6,5,37.5,320,"[{'game_title': 'Yakuza 0', 'game_date': '2016-11-20 11:50:00', 'game_avg_viewers': '28'}, {'game_title': ""Tom Clancy's Rainbow Six: Siege"", 'game_date': '2016-11-20 12:40:00', 'game_avg_viewers': '34'}]"
ares_rune,https://twitchtracker.com/ares_rune/streams/23699161664,2016-11-19 04:52:41,2016-11-19 15:05:00,612,316,31,44,0.7,7,14.7,150,"[{'game_title': 'Planet Coaster', 'game_date': '2016-11-19 08:40:00', 'game_avg_viewers': '33'}, {'game_title': 'Talk Shows & Podcasts', 'game_date': '2016-11-19 13:10:00', 'game_avg_viewers': '27'}, {'game_title': ""Tom Clancy's Rainbow Six: Siege"", 'game_date': '2016-11-19 15:00:00', 'game_avg_viewers': '37'}]"
ares_rune,https://twitchtracker.com/ares_rune/streams/23691033680,2016-11-18 09:41:07,2016-11-18 15:25:00,343,148,26,33,0.2,1,12.1,69,"[{'game_title': ""Tom Clancy's Rainbow Six: Siege"", 'game_date': '2016-11-18 13:20:00', 'game_avg_viewers': '26'}, {'game_title': 'Planet Coaster', 'game_date': '2016-11-18 15:20:00', 'game_avg_viewers': '25'}]"
